{"cameraMode":{"drawMode":0,"name":"Shaded","section":"Shading Mode"},"sceneLighting":true,"audioPlay":false,"sceneViewState":{"m_AlwaysRefresh":false,"showFog":true,"showSkybox":true,"showFlares":true,"showImageEffects":true,"showParticleSystems":true,"showVisualEffectGraphs":true,"m_FxEnabled":true},"in2DMode":false,"pivot":{"x":0.6752505302429199,"y":12.919084548950196,"z":48.553985595703128},"rotation":{"x":-0.057835422456264499,"y":-0.05508507415652275,"z":-0.0024266690015792848,"w":0.9969859719276428},"size":23.484495162963868,"orthographic":false}