{"cameraMode":{"drawMode":0,"name":"Shaded","section":"Shading Mode"},"sceneLighting":true,"audioPlay":false,"sceneViewState":{"m_AlwaysRefresh":false,"showFog":true,"showSkybox":true,"showFlares":true,"showImageEffects":true,"showParticleSystems":true,"showVisualEffectGraphs":true,"m_FxEnabled":true},"in2DMode":false,"pivot":{"x":8.614534378051758,"y":7.383427143096924,"z":6.986048698425293},"rotation":{"x":0.050090987235307696,"y":0.02289656363427639,"z":-0.0004436355084180832,"w":0.9987119436264038},"size":15.001081466674805,"orthographic":false}